<?xml version="1.1" encoding="UTF-8" ?>
<!DOCTYPE sla-profile [

<!ELEMENT sla-profile (description?, sla-threshold*)>
<!ATTLIST sla-profile
    uid CDATA #REQUIRED
    uniqueKey CDATA #REQUIRED>

<!ELEMENT description (#PCDATA)>
	
<!ELEMENT sla-threshold ((threshold-condition )*)>
<!ATTLIST sla-threshold
	uid CDATA #REQUIRED
	percent CDATA #IMPLIED
	identifier CDATA #REQUIRED
	enabled CDATA #REQUIRED
	family CDATA #REQUIRED>

<!ELEMENT threshold-condition (#PCDATA)>
<!ATTLIST threshold-condition
    severity CDATA #REQUIRED
    durationKind CDATA #REQUIRED
    durationNumber CDATA #REQUIRED
    operator CDATA #REQUIRED
    valueMin CDATA #REQUIRED
    valueMax CDATA #REQUIRED>

]>
<sla-profile name="Profile" uid="dd4123c3-044d-442a-9e04-5aab633aba60">
<description/>
<sla-threshold enabled="false" family="PER_RUN" identifier="AVERAGE_REQUEST_RESPONSE_TIME" percent="1" uid="79d2a067-a893-4c01-857b-6be5cc3b4fea"/>
<sla-threshold enabled="false" family="PER_RUN" identifier="AVERAGE_PAGE_RESPONSE_TIME" percent="1" uid="c43a1d82-6c46-44c5-89bc-c62ed7d3ebbc"/>
<sla-threshold enabled="true" family="PER_RUN" identifier="AVERAGE_CONTAINER_RESPONSE_TIME" percent="1" uid="9668ad8d-7d3d-4fec-8f93-b9f7e7fed195">
<threshold-condition durationKind="NB_OF_TIMES" durationNumber="1" operator="GREATER_THAN" severity="HIGH" valueMax="Infinity" valueMin="3.0"/>
<threshold-condition durationKind="NB_OF_TIMES" durationNumber="1" operator="GREATER_THAN" severity="LOW" valueMax="Infinity" valueMin="2.0"/>
</sla-threshold>
<sla-threshold enabled="false" family="PER_RUN" identifier="PERCENTILE_CONTAINER_RESPONSE_TIME" percent="1" uid="2ef0efde-8b4f-456e-b83c-e915b12eeb43"/>
<sla-threshold enabled="false" family="PER_RUN" identifier="AVERAGE_HITS_PER_SECOND" percent="1" uid="d3525f7d-9c97-4744-b9f5-a64e1980fe81"/>
<sla-threshold enabled="false" family="PER_RUN" identifier="AVERAGE_THROUGHPUT_PER_SECOND" percent="1" uid="8f1c65a2-1451-42d9-bbdb-b65bdf4cff82"/>
<sla-threshold enabled="false" family="PER_RUN" identifier="TOTAL_ERRORS" percent="1" uid="90843a1e-4b74-4cf9-8f88-6e5f8456c60e"/>
<sla-threshold enabled="false" family="PER_RUN" identifier="TOTAL_HITS" percent="1" uid="e02fdcda-c4d9-437b-8084-64a975651f76"/>
<sla-threshold enabled="false" family="PER_RUN" identifier="TOTAL_THROUGHPUT" percent="1" uid="0c62fd72-5cc7-44ba-9944-4fdf0417fe9a"/>
<sla-threshold enabled="false" family="PER_RUN" identifier="ERROR_PERCENTILE" percent="1" uid="059cc40c-1c2d-4517-a2a2-8492f09a0f7e"/>
<sla-threshold enabled="false" family="PER_TIME_INTERVAL" identifier="AVERAGE_RESPONSE_TIME" percent="1" uid="3b2986a2-e1f8-4c79-9d96-09a827bd5dd2"/>
<sla-threshold enabled="false" family="PER_TIME_INTERVAL" identifier="AVERAGE_HITS_PER_SECOND" percent="1" uid="d07a0330-4bf0-4492-802e-11ede7df6edd"/>
<sla-threshold enabled="false" family="PER_TIME_INTERVAL" identifier="AVERAGE_THROUGHPUT_PER_SECOND" percent="1" uid="f49fa70f-2f4f-4e61-946f-19517e038b7c"/>
<sla-threshold enabled="false" family="PER_TIME_INTERVAL" identifier="ERRORS_PER_SECOND" percent="1" uid="b1e2401a-1c87-406e-8982-5f37b28af8cb"/>
<sla-threshold enabled="false" family="PER_TIME_INTERVAL" identifier="ERROR_PERCENTILE" percent="1" uid="b9185b32-bc37-4d45-b4a9-0b2586bb5c05"/>
</sla-profile>
